<?xml version="1.0" encoding="UTF-8" standalone="no"?>
<articles>
<article id='0000001' hyperpartisan='true' bias='right'  url='https://dailywire.com/news/20858/after-devos-announced-plans-reexamine-title-ix-frank-camp' labeled-by='publisher'/>	
<article id='0000002' hyperpartisan='true' bias='right'  url='https://dailywire.com/news/16103/university-award-trayvon-martin-posthumous-degree-amanda-prestigiacomo' labeled-by='publisher'/>	
<article id='0000008' hyperpartisan='false' bias='right-center'  url='https://newsline.com/texas-state-university-suspends-greek-life-after-student-death/' labeled-by='publisher'/>	
<article id='0000012' hyperpartisan='true' bias='right'  url='https://dailywire.com/node/9485' labeled-by='publisher'/>	
<article id='0000015' hyperpartisan='true' bias='right'  url='https://dailywire.com/news/11184/breaking-trump-reaches-agreement-united-joshua-yasmeh' labeled-by='publisher'/>	
<article id='0000016' hyperpartisan='false' bias='least'  url='https://apnews.com/46135a1ed45145fb82f654644df47863' labeled-by='publisher'/>	
<article id='0000018' hyperpartisan='false' bias='least'  url='https://abqjournal.com/170683/health-insurance-stocks-slump-in-face-of-potential-steep-cuts-in-2014-in-medicare-advantage-payments.html' labeled-by='publisher'/>	
<article id='0000020' hyperpartisan='false' bias='left-center'  url='https://baptistnews.com/article/analysisdoesgaydebatemirrorchurchdisputeonslavery/' labeled-by='publisher'/>	
</articles>
